asset_a,asset_b,entry_date,exit_date,direction,holding_days,return
V,MA,2023-01-30,2023-03-31,Short spread,44,0.0018498587072237616
V,MA,2023-05-03,2023-06-02,Long spread,22,0.0049872069226912785
V,MA,2023-07-27,2023-07-31,Long spread,3,0.006510405078594239
V,MA,2023-09-15,2023-10-16,Long spread,22,0.006399098243686341
V,MA,2023-10-27,2023-12-19,Short spread,37,0.004752295907485049
V,MA,2024-01-26,2024-01-29,Short spread,2,0.010299175408318595
V,MA,2024-01-30,2024-02-01,Short spread,3,0.0084854968714565
V,MA,2024-03-25,2024-04-19,Long spread,19,0.0004989784386957297
V,MA,2024-05-10,2024-06-18,Short spread,27,0.005360437478043378
V,MA,2024-07-25,2024-09-04,Long spread,29,0.0017475606231167617
V,MA,2024-09-26,2024-10-17,Long spread,16,0.011821841516020282
V,MA,2024-11-07,2025-04-07,Short spread,102,-0.039990061138767685
V,MA,2025-04-15,2025-04-21,Short spread,4,0.01253185723525374
V,MA,2025-08-01,2025-09-25,Long spread,39,-0.012955156961342862
V,MA,2025-10-31,2025-11-11,Short spread,8,0.015020002508236097
CAT,DE,2023-01-24,2023-02-21,Short spread,20,0.03167272196937043
CAT,DE,2023-03-16,2023-04-25,Long spread,28,0.02106543852145637
CAT,DE,2023-06-05,2023-10-05,Short spread,86,-0.09433506385074686
CAT,DE,2023-10-23,2023-11-28,Long spread,26,0.005588740548538862
CAT,DE,2023-12-15,2024-04-26,Short spread,91,-0.1047955278622561
CAT,DE,2024-06-17,2024-07-01,Long spread,10,0.024619215976435793
CAT,DE,2024-07-17,2024-07-25,Short spread,7,0.033885045309924644
CAT,DE,2024-09-25,2024-11-01,Short spread,28,0.008234714828849521
CAT,DE,2024-11-07,2024-11-19,Short spread,9,0.050615491022312886
CAT,DE,2024-12-16,2025-01-22,Long spread,24,0.010576676081172298
CAT,DE,2025-02-04,2025-05-05,Long spread,63,-0.08096898786867168
CAT,DE,2025-06-27,2025-12-18,Short spread,122,-0.24308737314485085
KO,PEP,2023-02-13,2023-03-28,Long spread,31,0.00867762763016322
KO,PEP,2023-05-10,2023-06-20,Long spread,28,0.002931482832630783
KO,PEP,2023-08-18,2023-09-01,Short spread,11,0.008118857873632646
KO,PEP,2023-09-13,2023-10-18,Long spread,26,0.006021224280174042
KO,PEP,2023-12-11,2024-02-06,Short spread,39,-0.0014460493906957028
KO,PEP,2024-02-22,2024-03-19,Short spread,19,0.014225189051509046
KO,PEP,2024-04-15,2024-04-24,Long spread,8,0.013644578457970624
KO,PEP,2024-05-31,2024-10-09,Short spread,91,-0.06423412122431171
KO,PEP,2024-11-07,2024-12-12,Long spread,25,0.011195687823992717
KO,PEP,2025-01-13,2025-06-17,Short spread,108,-0.11285282531225937
KO,PEP,2025-07-15,2025-10-08,Long spread,61,-0.03956701327103529
KO,PEP,2025-10-13,2025-10-22,Long spread,8,0.0246400473963031
KO,PEP,2025-11-07,2025-12-11,Short spread,24,0.013535831764990514
