,portfolio_return,portfolio_equity
2023-01-03,0.0,1.0
2023-01-04,0.0,1.0
2023-01-05,0.0,1.0
2023-01-06,0.0,1.0
2023-01-09,0.0,1.0
2023-01-10,0.0,1.0
2023-01-11,0.0,1.0
2023-01-12,0.0,1.0
2023-01-13,0.0,1.0
2023-01-17,0.0,1.0
2023-01-18,0.0,1.0
2023-01-19,0.0,1.0
2023-01-20,0.0,1.0
2023-01-23,0.0,1.0
2023-01-24,-0.002125483085374517,0.9978745169146255
2023-01-25,-0.0015638925938890422,0.9963139483479921
2023-01-26,-0.0008283513736103938,0.995488650320331
2023-01-27,-0.002823164105948784,0.9926782224948673
2023-01-30,0.003690542311819684,0.9963417434770064
2023-01-31,0.0071742855439200495,1.0034897836440377
2023-02-01,0.0043559358290996926,1.0078609207467482
2023-02-02,-0.0004994231610856535,1.007357571659774
2023-02-03,-0.0034841276500720206,1.0038478092908447
2023-02-06,-0.0017150065834037277,1.0021262036891756
2023-02-07,0.0006211635052681191,1.0027486879145804
2023-02-08,-0.0008606796348503967,1.0018856425400193
2023-02-09,0.0026702504942000146,1.0045609281721437
2023-02-10,0.0019316582302516868,1.0065013965568368
2023-02-13,0.0007970201955413188,1.0073035984967331
2023-02-14,-0.0008087065182032023,1.0064889855108192
2023-02-15,-0.0034809766428321788,1.002985420860988
2023-02-16,0.0006541154711036008,1.0036414891420644
2023-02-17,0.009111950979695617,1.0127866211923156
2023-02-21,-0.0008184776312073075,1.0119576779976835
2023-02-22,0.000703853313982474,1.0126699477629522
2023-02-23,-0.000496796511171052,1.0121668568659357
2023-02-24,-0.0002038169497380358,1.0119605601045434
2023-02-27,0.0003038202183105666,1.012268014182836
2023-02-28,0.001231558885899075,1.0135146818506142
2023-03-01,0.00031772083712186235,1.013836696583767
2023-03-02,0.00041305115720321014,1.014255463004506
2023-03-03,-0.002191583493492175,1.012032637473601
2023-03-06,0.002420683800314244,1.0144824484845227
2023-03-07,-0.0003382999091883809,1.014139249164327
2023-03-08,0.00013570646913331412,1.0142768744210409
2023-03-09,-0.0008618211817700596,1.0134027491264852
2023-03-10,-0.0008511194184536884,1.0125402223679894
2023-03-13,0.0009084335969286169,1.0134600479242302
2023-03-14,0.00076279854001075,1.014233113769146
2023-03-15,-0.00136601915950262,1.0128476519035354
2023-03-16,0.0012444223945861999,1.0141080622038683
2023-03-17,-0.0008869786603396943,1.013208569993415
2023-03-20,0.0014402771723166705,1.0146678711675723
2023-03-21,-0.0002010868620805894,1.0144638347893054
2023-03-22,-0.0020020869454513176,1.012432789989041
2023-03-23,4.7050405579825094e-05,1.0124804253624324
2023-03-24,-0.0002940968241213505,1.0121826580848483
2023-03-27,0.0006599755876359998,1.0128506739294127
2023-03-28,0.002326072837800177,1.0152066383707876
2023-03-29,0.0007972570186851469,1.0160160189886445
2023-03-30,0.0008809212442269908,1.0169110490842463
2023-03-31,0.001163152245088567,1.018093871454044
2023-04-03,0.0003420937008315942,1.0184421549543237
2023-04-04,-0.006686398510601141,1.0116324448463037
2023-04-05,0.0035739491960223306,1.015247967809232
2023-04-06,-0.003040542266066764,1.0121610634525697
2023-04-10,0.0038995185781722174,1.0161080043236057
2023-04-11,0.0038375940362659552,1.0200074143412001
2023-04-12,-0.0012172773232879703,1.018765782446137
2023-04-13,0.0010169430003533415,1.0198018091775949
2023-04-14,0.000976737059191183,1.0207978873976489
2023-04-17,0.0003510614893257804,1.0211562502242995
2023-04-18,-0.0016487231418685683,1.019472646283091
2023-04-19,0.0006756297750297761,1.0201614323577484
2023-04-20,-0.0015259746196014067,1.0186046919040743
2023-04-21,0.00036287189093699504,1.0189743149147428
2023-04-24,0.002615611922309743,1.0216395562813612
2023-04-25,-0.00016666666666666666,1.021469283021981
2023-04-26,0.0,1.021469283021981
2023-04-27,0.0,1.021469283021981
2023-04-28,0.0,1.021469283021981
2023-05-01,0.0,1.021469283021981
2023-05-02,0.0,1.021469283021981
2023-05-03,-0.0005289458768919677,1.0209289810563547
2023-05-04,-0.0007949816378592011,1.0201173612628565
2023-05-05,0.0016147279788448707,1.021764573307793
2023-05-08,2.680514026471518e-05,1.021791961850498
2023-05-09,0.0018134000078314663,1.0236448794021198
2023-05-10,-0.0013530350991733935,1.0222598519511996
2023-05-11,0.00010431980610726289,1.0223664939007464
2023-05-12,0.0010380049983612317,1.0234277154315723
2023-05-15,0.0014074826430678096,1.0248681721774768
2023-05-16,-0.002144541152812166,1.0226703002060349
2023-05-17,-9.218373034673942e-05,1.0225760266428472
2023-05-18,-0.0018573891132093515,1.020676705063532
2023-05-19,0.0021317105577786442,1.0228524923717945
2023-05-22,-0.0012894342004464673,1.0215335913861185
2023-05-23,-0.0010575428146882364,1.0204532758765854
2023-05-24,-0.0005050736931280017,1.019937871771874
2023-05-25,-0.0003129554639831217,1.0196186766419795
2023-05-26,-0.0007014810223574366,1.018903433490274
2023-05-30,2.3251907009679922e-05,1.0189271249381613
2023-05-31,-0.0004599631505285393,1.0184584560076158
2023-06-01,0.0023210961925996822,1.020822396052176
2023-06-02,0.002002248976322677,1.0228663366496789
2023-06-05,-3.371825998374113e-05,1.0228318473766111
2023-06-06,-2.6040727207591343e-05,1.0228052120914943
2023-06-07,-0.00471136187632511,1.0179864066083397
2023-06-08,-0.00044017910130841106,1.0175383102667346
2023-06-09,-0.0010112444518087195,1.0165093302959747
2023-06-12,-0.0004492619512108994,1.016052651330822
2023-06-13,-0.0021948580150840673,1.013822560025301
2023-06-14,0.0020916118797293932,1.0159430833357876
2023-06-15,-0.0009244127590165467,1.0150039325871174
2023-06-16,0.0035057038158323103,1.018562235746673
2023-06-20,0.003543068161864524,1.0221710711750245
2023-06-21,0.0022243781229602556,1.024444766143669
2023-06-22,0.00342090667934998,1.027949296086795
2023-06-23,-0.0006846512016434927,1.0272455093660007
2023-06-26,-0.0005696257144709567,1.026660363908791
2023-06-27,-0.0035337124665331815,1.023032441381951
2023-06-28,-0.002315566486432478,1.0206635417461536
2023-06-29,-0.002769560267987131,1.0178367525539505
2023-06-30,-0.0005088422357975275,1.017318834225104
2023-07-03,-0.0007217067281547303,1.0165846283777653
2023-07-05,0.0016222124961303493,1.0182337446652936
2023-07-06,0.0026845279904629325,1.0209672216536816
2023-07-07,-0.0028042412326446174,1.0181041832735416
2023-07-10,-0.002591932359244111,1.015465326095833
2023-07-11,-0.0014596769015227115,1.0139830748150338
2023-07-12,-0.0024282221331045736,1.0115208986701745
2023-07-13,-0.0013345605061541286,1.0101709628276598
2023-07-14,0.0016788588262970482,1.011866897264672
2023-07-17,0.00020089764508964656,1.0120701789414766
2023-07-18,-0.0020883112338836644,1.0099566614173143
2023-07-19,0.0010852981521673867,1.0110527655157198
2023-07-20,0.0023009694311280815,1.0133791670224288
2023-07-21,0.002081419477576622,1.0154884341588397
2023-07-24,0.00013392664125938333,1.0156244351140644
2023-07-25,-0.0011829105278548754,1.0144230422774212
2023-07-26,-0.0006060833749915225,1.0138082173362886
2023-07-27,-0.000468991557307103,1.0133327498416294
2023-07-28,-0.0005641129565492611,1.012761115708148
2023-07-31,-0.0033062720661920474,1.0094126519215567
2023-08-01,-0.01698981834370464,0.9922629143315723
2023-08-02,-1.3388977314178542e-05,0.9922496289459226
2023-08-03,0.00272138261934849,0.994949919840191
2023-08-04,0.0038520108696720287,0.9987824777461947
2023-08-07,-0.0019271517772514047,0.9968576723191185
2023-08-08,-0.0011728411633055067,0.9956885166070657
2023-08-09,0.0003345626765542808,0.9960216368221961
2023-08-10,0.00011134358457606992,0.9961325374415553
2023-08-11,-0.000908994005729356,0.995227058936109
2023-08-14,0.0012175376205906122,0.9964387853213933
2023-08-15,0.00378146473879573,1.0002067834524546
2023-08-16,2.717041136046216e-05,1.0002339594822065
2023-08-17,-0.0018770541447302748,0.9983564661828604
2023-08-18,-0.006919692035561339,0.9914481468951638
2023-08-21,-0.0003739247450234268,0.9910774198996322
2023-08-22,0.0003344247659313269,0.991408860733802
2023-08-23,0.0018860693052600696,0.9932787265549948
2023-08-24,0.0003165880101476288,0.9935931866905569
2023-08-25,-0.0005334395612227504,0.9930631647770147
2023-08-28,-0.00023082804302956925,0.9928339379500846
2023-08-29,-0.0004545649377625099,0.9923826304528718
2023-08-30,0.0011745262024044367,0.9935482098551498
2023-08-31,0.0007247302246570637,0.9942682642724858
2023-09-01,-0.0016979477545042796,0.9925800487057895
2023-09-05,0.0021715883422627432,0.9947355239683217
2023-09-06,-0.000998474997198133,0.9937423054188145
2023-09-07,0.0003624569837681337,0.9941024942574793
2023-09-08,-0.004225919777861305,0.9899014968657753
2023-09-11,0.0003873970652525721,0.9902849818005502
2023-09-12,0.0007484539269172067,0.991026164483946
2023-09-13,0.0036453922922281986,0.9946388436253522
2023-09-14,-0.0019330558522684409,0.9927161511877887
2023-09-15,0.0012749956152246227,0.9939818599277158
2023-09-18,0.0015153954243145157,0.995488135490102
2023-09-19,-0.0017251583262678928,0.9937707608444604
2023-09-20,0.0025048856457127538,0.9962600429584287
2023-09-21,-0.001310153503666145,0.9949547893725842
2023-09-22,-0.0034089822256520483,0.9915630061802857
2023-09-25,-0.002499442596256163,0.989084651365767
2023-09-26,0.001860845565452589,0.9909251851531181
2023-09-27,-0.0006532796971798414,0.9902778338482334
2023-09-28,-0.002380617027567376,0.9879203615749518
2023-09-29,0.0008282351795423108,0.9887385919729943
2023-10-02,-0.0005814255886879618,0.9881637140550978
2023-10-03,0.0008648296448397248,0.9890183073289676
2023-10-04,0.00491672685337768,0.993881040199094
2023-10-05,-0.00047511497865026126,0.9934088324298989
2023-10-06,0.0023661678785415322,0.995759404499454
2023-10-09,-0.0011380981498353582,0.9946261325635121
2023-10-10,0.0009749876927416919,0.9955958808016407
2023-10-11,-7.233041093954202e-05,0.9955238689424526
2023-10-12,0.0016791657379372088,0.9971955185144794
2023-10-13,-5.5181973892399226e-05,0.9971404912974111
2023-10-16,0.0007959211728623142,0.997934136526753
2023-10-17,0.002894062065696624,1.0008222198553387
2023-10-18,-0.00016666666666666666,1.0006554161520296
2023-10-19,0.0,1.0006554161520296
2023-10-20,0.0,1.0006554161520296
2023-10-23,-0.0011736187934165401,0.9994810281498996
2023-10-24,0.0018140940223413703,1.00129418070851
2023-10-25,-0.0034329639611383454,0.9978567738716402
2023-10-26,-0.0014227257859316562,0.9964370973087865
2023-10-27,0.000569891595213728,0.9970049584357019
2023-10-30,0.0013444388749291032,0.9983453706603199
2023-10-31,-0.013871758201769597,0.9844965650766639
2023-11-01,0.001582287796805957,0.9860543219775821
2023-11-02,0.0039396731738246685,0.989939053737811
2023-11-03,-0.0002660887801085034,0.9896756420626202
2023-11-06,-0.000818373451552382,0.9888657177915081
2023-11-07,-3.846539371968544e-05,0.9888276806823374
2023-11-08,0.00044183013837826115,0.9892645745533254
2023-11-09,0.0003609748692266106,0.9896216742037552
2023-11-10,0.0032791283238710876,0.9928667706655535
2023-11-13,0.0035544099877545822,0.9963958262317169
2023-11-14,0.0032488643930592524,0.999632981152954
2023-11-15,-0.0003052086102108378,0.9993278845600553
2023-11-16,-0.0019620285472751416,0.9973671747224604
2023-11-17,0.002830805986586631,1.0001905276914898
2023-11-20,0.00020918095647289706,1.0003997485027274
2023-11-21,-0.0016014634545014645,0.9987976448656077
2023-11-22,0.00030040983355531463,0.9990976934998572
2023-11-24,0.001718650209371571,1.0008147929599733
2023-11-27,0.0014821407230075844,1.0022981413208079
2023-11-28,0.0007183033274056695,1.003018095410771
2023-11-29,-0.0006398210847733078,1.002376343284918
2023-11-30,-0.00030860173337158143,1.0020670082078895
2023-12-01,0.00035611447647101714,1.0024238587759062
2023-12-04,-0.0007802820994429957,1.0016416853828487
2023-12-05,4.5522274038735886e-05,1.0016872823901393
2023-12-06,0.0008479101406743666,1.0025366231946624
2023-12-07,-9.785140738924828e-05,1.0024385235751234
2023-12-08,-0.00030098254069751404,1.0021368070814047
2023-12-11,0.0010094876374510872,1.0031484517991882
2023-12-12,-0.0010286384099714807,1.002116574770764
2023-12-13,0.0007646169953415494,1.0028828101351472
2023-12-14,7.470828244164763e-05,1.0029577337873827
2023-12-15,-0.00047129734366740977,1.002485042471638
2023-12-18,0.0010972626618396147,1.0035850318777948
2023-12-19,-0.002239413263148331,1.0013375902467105
2023-12-20,0.0023479005163183713,1.0036886312918596
2023-12-21,0.0014687291814584665,1.0051627780737362
2023-12-22,0.00038020301794583727,1.0055449439954867
2023-12-26,-0.0022588884154875638,1.0032735301702431
2023-12-27,-0.0017018343880258141,1.0015661247760033
2023-12-28,0.00047532704086005666,1.0020421962383186
2023-12-29,0.0008534527199182714,1.002897391876171
2024-01-02,0.0021808754627808224,1.0050845861898006
2024-01-03,0.0035024348328546503,1.0086048294544372
2024-01-04,-0.0022371571678112307,1.0063484219307341
2024-01-05,-0.002851947467699215,1.0034783690971856
2024-01-08,-0.0030694476215387817,1.0003982448038946
2024-01-09,-0.0027868716757408524,0.9976102632709898
2024-01-10,-0.0014669864517827434,0.9961467825306118
2024-01-11,0.0004184312697072293,0.996563601493641
2024-01-12,-0.0007947778570996236,0.9957715548099825
2024-01-16,0.0022962860647096415,0.9980581311549268
2024-01-17,0.004578881940808483,1.0026281215075492
2024-01-18,-0.001511649527230509,1.0011124991816844
2024-01-19,-0.0032562681194146944,0.9978526084666516
2024-01-22,-0.001682346388340886,0.9961738747347012
2024-01-23,0.002070134366113699,0.9982360885074143
2024-01-24,0.0001833024693600065,0.998419067647442
2024-01-25,-0.005820154798052638,0.9926081141204065
2024-01-26,0.005182207603694444,0.9977520154368901
2024-01-29,-0.002529016806328256,0.9952286838213024
2024-01-30,-0.0015165933018227971,0.9937193266656371
2024-01-31,0.006438223360538447,1.0001171136483944
2024-02-01,-0.007325040636035708,0.9927912151501253
2024-02-02,-0.004627170263084459,0.9881974011619311
2024-02-05,-0.004721717384020215,0.9835314123140213
2024-02-06,-0.00014697233820314487,0.9833868604026572
2024-02-07,-0.0014902828256095717,0.981921335853669
2024-02-08,0.0010110934467195802,0.9829141500815448
2024-02-09,0.001798430270392163,0.9846818526422483
2024-02-12,-0.0004473161337214011,0.9842413885629787
2024-02-13,0.002727033381893892,0.9869254476854316
2024-02-14,-0.00087997260392495,0.9860569803293521
2024-02-15,-0.010701585756968154,0.9755046069931005
2024-02-16,-0.0005561319421167792,0.9749620977214696
2024-02-20,0.004365464619001248,0.9792182602639399
2024-02-21,-0.002324960896495577,0.9769416160996918
2024-02-22,-0.0038505107572891373,0.9731798918976564
2024-02-23,0.0024434654487931738,0.9755578233389687
2024-02-26,-0.001076248801602553,0.9745078804007061
2024-02-27,-0.0012406800529212883,0.9732988279120783
2024-02-28,-0.0010286012567864438,0.9722976915144591
2024-02-29,-0.001914737716291487,0.9704359964530532
2024-03-01,8.429989649835449e-05,0.9705178041071124
2024-03-04,-0.0025698261038014166,0.9680237421199139
2024-03-05,0.0020070435706241005,0.9699666079477471
2024-03-06,-0.0006167824535373161,0.9693683495634479
2024-03-07,0.00037784235267672526,0.9697346179812574
2024-03-08,-5.48310115175429e-05,0.9696814464512499
2024-03-11,0.0021596387109146776,0.9717756080402616
2024-03-12,-0.003194080282954646,0.968671678731164
2024-03-13,-0.0019710160285500793,0.9667624113259824
2024-03-14,0.0001596442317274824,0.9669167493684016
2024-03-15,-0.0002736969637437787,0.9666521071899064
2024-03-18,0.0024480375144580297,0.9690185078117372
2024-03-19,0.000549594474173319,0.9695510750290022
2024-03-20,-0.0007495162062423074,0.9688243807854883
2024-03-21,-0.0036968097210135237,0.9652428213966456
2024-03-22,0.004169141317606133,0.9692670551248531
2024-03-25,0.0012915463473106615,0.9705189084494682
2024-03-26,-0.0007525153567517646,0.9697885780668419
2024-03-27,-0.0026630204192130504,0.9672060112811304
2024-03-28,-0.0016545139749525658,0.9656057554188077
2024-04-01,7.633708333313527e-05,0.9656794669458261
2024-04-02,-0.000894353746355627,0.9648158078967843
2024-04-03,-0.006049655266927196,0.9589790048629269
2024-04-04,0.004184323622614517,0.9629916833665662
2024-04-05,-0.004043536282878728,0.959097791554763
2024-04-08,0.0024463467581826246,0.9614440773279131
2024-04-09,0.002523289319977304,0.9638700788999902
2024-04-10,-0.0004992311822519464,0.9633888849009637
2024-04-11,0.001382015833135898,0.964720303593364
2024-04-12,0.00015935627423767406,0.9648740378266261
2024-04-15,-0.0010303487497366486,0.9638798810680981
2024-04-16,0.0014330674264091115,0.9652611859286279
2024-04-17,0.002679287918666253,0.967847398562444
2024-04-18,0.001196652306487301,0.9690055753842614
2024-04-19,0.003403871059963035,0.9723039454192547
2024-04-22,-0.0026901107412347423,0.9696883401319375
2024-04-23,0.0005516842569781352,0.9702233019233636
2024-04-24,-0.0011127540997902107,0.9691436819664364
2024-04-25,0.015324272901840304,0.9839951042299845
2024-04-26,-0.00016666666666666666,0.9838311050459462
2024-04-29,0.0,0.9838311050459462
2024-04-30,0.0,0.9838311050459462
2024-05-01,0.0,0.9838311050459462
2024-05-02,0.0,0.9838311050459462
2024-05-03,0.0,0.9838311050459462
2024-05-06,0.0,0.9838311050459462
2024-05-07,0.0,0.9838311050459462
2024-05-08,0.0,0.9838311050459462
2024-05-09,0.0,0.9838311050459462
2024-05-10,-0.0011253923709566727,0.9827239090260176
2024-05-13,0.0011412625122003805,0.9838454549832321
2024-05-14,-7.740665809833659e-05,0.9837692987944766
2024-05-15,-0.0012278297127083896,0.9825613976189664
2024-05-16,0.0010312329482305652,0.9835746473058505
2024-05-17,0.00028443077696959924,0.9838544062069914
2024-05-20,0.0008288958864976242,0.984669919077209
2024-05-21,0.0015357503628070682,0.9861821262626771
2024-05-22,-0.0005953586541675488,0.9855949941992213
2024-05-23,-0.0008453332745060608,0.984761837955438
2024-05-24,-0.00018421082125433686,0.9845804341685284
2024-05-28,0.0003325251987492132,0.9849078319730847
2024-05-29,0.000565490576018193,0.985464788070312
2024-05-30,-0.0017864086955376595,0.983704345203757
2024-05-31,-0.00017550046427582916,0.9835317046344636
2024-06-03,-0.0012863713175764553,0.9822665176596947
2024-06-04,-0.0016600463731895436,0.9806359096895483
2024-06-05,-0.0010362302326727875,0.9796197451126835
2024-06-06,-0.001941376075537261,0.9777179347763978
2024-06-07,-0.0006720367913290605,0.9770608723526858
2024-06-10,-0.0011948924056304096,0.9758933897364729
2024-06-11,-0.00042273057823206966,0.9754808497595368
2024-06-12,0.0018414586623988593,0.9772771574203307
2024-06-13,-0.0006881827089983793,0.976604612178695
2024-06-14,0.0005200096255604051,0.9771124559773946
2024-06-17,0.0026938797125672137,0.9797446793994489
2024-06-18,0.0007788463895665739,0.9805077500056962
2024-06-20,0.004525199033680978,0.9849447427285387
2024-06-21,-4.621933006176233e-05,0.9848992192423819
2024-06-24,-0.0025126879314485936,0.9824244748604984
2024-06-25,0.0008808877580530877,0.9832898805536148
2024-06-26,-0.0037739013155702796,0.9795790415798065
2024-06-27,0.0003039509310845134,0.9798767855415655
2024-06-28,0.0037998974309296466,0.9836002168215726
2024-07-01,-0.0008464198209998079,0.9827676781021152
2024-07-02,0.0009970060512754743,0.9837475034241808
2024-07-03,-0.0014026680854774237,0.9823676321969597
2024-07-05,0.00028700818438392415,0.9826495797474741
2024-07-08,0.00040084738571174284,0.9830434722625867
2024-07-09,0.000620823588009472,0.983653768838206
2024-07-10,0.0010670215500827162,0.9847033486073765
2024-07-11,-0.0004983862595556203,0.9842125859886921
2024-07-12,0.00031537691435571297,0.9845229839171313
2024-07-15,-0.0013244055775034058,0.9832190761860512
2024-07-16,-0.0017708043799774433,0.9814779875394636
2024-07-17,0.005532818580691735,0.9869083271854618
2024-07-18,0.00010632056663117163,0.9870132558380212
2024-07-19,0.0031193008534430165,0.9900920471293163
2024-07-22,-0.0005637488058392814,0.9895338839200761
2024-07-23,-0.0019463222334283924,0.9876079321210718
2024-07-24,0.0035511629798245354,0.9911150888482013
2024-07-25,0.0020069767993611373,0.9931042338370164
2024-07-26,-0.00020584029518563312,0.9928998129683733
2024-07-29,0.0014558245184523434,0.9943453008604594
2024-07-30,-0.003440551568472628,0.9909242045759805
2024-07-31,-0.0013150501669492722,0.9896210895353188
2024-08-01,-0.0009479336338477391,0.9886829944197832
2024-08-02,-0.0007085928973810807,0.9879824206721759
2024-08-05,-0.00037535296576429733,0.9876115785404536
2024-08-06,-0.001958897160753332,0.9856769490233235
2024-08-07,-0.0034795212666627723,0.9822472651171376
2024-08-08,0.00019963800442940422,0.9824433590010018
2024-08-09,8.052231766472094e-05,0.9825224676172428
2024-08-12,0.0010538859423719746,0.9835579342339291
2024-08-13,-0.0010414456643843952,0.9825336120876503
2024-08-14,0.0012315780703798524,0.9837436789377085
2024-08-15,1.1810300095376041e-05,0.9837552972457738
2024-08-16,-0.0010314185381724277,0.9827406337951692
2024-08-19,0.001523681143077304,0.9842380171674187
2024-08-20,0.0009661136083902733,0.9851889029096992
2024-08-21,-0.0005754376269831038,0.9846219881452788
2024-08-22,0.000649435199864063,0.9852614363229405
2024-08-23,-0.0007319699097141141,0.9845402545983504
2024-08-26,-0.0029272910433276547,0.9816582187292691
2024-08-27,-0.0026060151175096476,0.9791000025710329
2024-08-28,-0.0018321423373158898,0.9773061520038564
2024-08-29,-0.001662296166155909,0.9756815797342199
2024-08-30,0.00013585954724344156,0.9758141353918963
2024-09-03,0.004224380847039511,0.9799363459357162
2024-09-04,0.0017969503150828201,0.9816972428613064
2024-09-05,0.00429705961319736,0.9859156544359928
2024-09-06,-0.0004087540087143395,0.985512657459988
2024-09-09,-0.001198692037160442,0.9843313312849699
2024-09-10,0.00048771690505119964,0.9848114063154091
2024-09-11,-0.0003970558249783835,0.9844203812100264
2024-09-12,0.0007951036913651058,0.9852030974889816
2024-09-13,-0.0016867894483446663,0.9835412672996607
2024-09-16,-0.001946609090091423,0.9816266969282551
2024-09-17,0.0005157763489732362,0.9821329967620513
2024-09-18,-0.0012211790085375678,0.9809336365628134
2024-09-19,0.002561823806726142,0.9834466157057785
2024-09-20,-0.005610429232494568,0.977929058064425
2024-09-23,0.0005393537784224003,0.9784565077969211
2024-09-24,-0.000776595053560198,0.9776966433128422
2024-09-25,0.00218696322423129,0.9798348299162218
2024-09-26,-0.004642659825801626,0.9752857901154487
2024-09-27,0.002680579287424991,0.977900121003752
2024-09-30,-0.0001288722097489936,0.9777740968542444
2024-10-01,0.0015526746290506531,0.979292261887373
2024-10-02,-0.0007170502417507664,0.978590060134242
2024-10-03,-0.0001210000478333341,0.9784716506901565
2024-10-04,-0.0031083605328047436,0.975430208028683
2024-10-07,0.0004892646506247002,0.9759074515486229
2024-10-08,0.005156391431491516,0.980939612369717
2024-10-09,-0.0028327400254543346,0.9781608654672037
2024-10-10,0.0007777565835378177,0.9789216365200799
2024-10-11,-0.0023209664647183643,0.9766495922301296
2024-10-14,0.0038950093920306988,0.9804536515645889
2024-10-15,0.0004594690220602181,0.9809041396450486
2024-10-16,0.002463353599578851,0.983320453388285
2024-10-17,-0.001887707952728664,0.9814642315483432
2024-10-18,0.0014028566713750043,0.9828410851932867
2024-10-21,0.0005485178833775135,0.9833801911050334
2024-10-22,0.0010123951362584426,0.984375760427601
2024-10-23,0.0020893000573089077,0.9864324167602759
2024-10-24,-1.8571085217304925e-05,0.9864140976398031
2024-10-25,-0.00032326614993743227,0.9860952233522151
2024-10-28,-0.001245827994405236,0.9848667183178137
2024-10-29,-0.00016125967442974826,0.9847078990314612
2024-10-30,0.004191269599735327,0.988835075313291
2024-10-31,0.0017132953444606554,0.9905292418442647
2024-11-01,-0.00016666666666666666,0.9903641536372907
2024-11-04,0.0,0.9903641536372907
2024-11-05,0.0,0.9903641536372907
2024-11-06,0.0,0.9903641536372907
2024-11-07,0.0061070520477265544,0.9964123590697563
2024-11-08,0.0033035559398063505,0.9997040630370576
2024-11-11,-0.0003347842200659513,0.999369377892017
2024-11-12,-0.0013219347148271056,0.9980482768184463
2024-11-13,-0.0008843599493834633,0.9971656428948769
2024-11-14,2.5737672937300716e-05,0.9971913076180581
2024-11-15,0.006040349593773074,1.003214691727943
2024-11-18,0.0005231064627831907,1.0037394798167447
2024-11-19,0.0030868055529657255,1.006837828416774
2024-11-20,1.5932045891029156e-05,1.0068538694032612
2024-11-21,0.00011573585434117093,1.0069703984960332
2024-11-22,0.0006473578531047356,1.0076222686913436
2024-11-25,0.00014148837681812092,1.0077648355305866
2024-11-26,0.00262482719264972,1.0104100440746835
2024-11-27,-0.0014398690377527478,1.008955185936786
2024-11-29,-0.0003069244890192932,1.008645512881899
2024-12-02,-0.002284095578387772,1.0063416701257648
2024-12-03,0.0014674796273952682,1.0078184560248733
2024-12-04,-0.0022018727057496784,1.0055993680742012
2024-12-05,0.003401055350019126,1.009019467184966
2024-12-06,-2.845117546769153e-05,1.0089907593950547
2024-12-09,-0.0013328470608825,1.0076459290269373
2024-12-10,-5.376030063556324e-05,1.0075917576788587
2024-12-11,0.00266775725209459,1.0102797678975572
2024-12-12,-0.0009958413940098143,1.0092736894851542
2024-12-13,-0.0012584079092011894,1.0080036114917574
2024-12-16,-0.0008054823194314051,1.0071916824047777
2024-12-17,-0.004372767006294315,1.0027874678469442
2024-12-18,-0.00013532179172655485,1.0026517688500742
2024-12-19,-0.004299065411018384,0.9983413033113144
2024-12-20,0.0013851728838565466,0.9997241786134953
2024-12-23,0.00019905785041619806,0.9999231815594992
2024-12-24,0.0010554048017420402,1.0009785052866902
2024-12-26,-0.0005650896251350274,1.0004128627183695
2024-12-27,-7.163766445505663e-05,1.0003411954773935
2024-12-30,0.0005099361522218989,1.0008513056175243
2024-12-31,-0.0004755487817046849,1.0003753519984704
2025-01-02,-0.00041380341467684833,0.9999613932618548
2025-01-03,0.0006116117751639678,1.000572981424683
2025-01-06,-0.00018266157714090804,1.0003902151858515
2025-01-07,0.0013199623233299217,1.0017106925785249
2025-01-08,0.0007280448443479558,1.0024399828837847
2025-01-10,-0.005914739106686092,0.9965108119149162
2025-01-13,0.001172864337351249,0.997679583907996
2025-01-14,0.0037556182128889726,1.0014264875239485
2025-01-15,0.003146815258214653,1.004577791674869
2025-01-16,0.0002783510604972678,1.0048574169685338
2025-01-17,-0.0020160098397403697,1.002831614528389
2025-01-21,0.005286618257260536,1.008133202450713
2025-01-22,0.0011349338316859955,1.0092773669290203
2025-01-23,0.0006407650038301986,1.0099240765449062
2025-01-24,-0.002033180969222532,1.0078707181321154
2025-01-27,0.0008145167714083166,1.0086916457354453
2025-01-28,0.00039217926548683406,1.0090872336841725
2025-01-29,-0.0016860770785620113,1.007385834829188
2025-01-30,-0.001467238795663445,1.0059077592501249
2025-01-31,-0.0015996442351873686,1.0042986647019103
2025-02-03,0.00011312946374844836,1.0044122804712914
2025-02-04,-0.006779414319911833,0.997602953473969
2025-02-05,-0.00022321911339766458,0.9973802694271717
2025-02-06,0.004814798821527761,1.0021824547730247
2025-02-07,-0.004723972037686763,0.9974481728800166
2025-02-10,-0.0048046715157224395,0.9926557620553706
2025-02-11,-0.009419965536169294,0.9833049789875292
2025-02-12,-0.011803514931071776,0.9716985239862527
2025-02-13,0.000359252705461781,0.9720476093098881
2025-02-14,-0.0027165404320964592,0.9694070026772751
2025-02-18,-0.0051104553949752754,0.9644528914305163
2025-02-19,-0.0027838441525164966,0.9617680048883298
2025-02-20,0.005272249406317209,0.9668386856811171
2025-02-21,-0.004058810209171353,0.9629144709530528
2025-02-24,0.0026979303487416804,0.9655123471274797
2025-02-25,0.001539745361398434,0.9669989902853421
2025-02-26,-0.0003070555704531421,0.9667020678587523
2025-02-27,-0.003542932552957782,0.9632771076335239
2025-02-28,0.0022940407200421503,0.9654869045431197
2025-03-03,-0.004202001869741219,0.9614299267650189
2025-03-04,0.002220653032147551,0.9635649290470871
2025-03-05,0.005782742357617288,0.9691369767766023
2025-03-06,-0.0004472192732646177,0.9687035600421543
2025-03-07,-0.0013327984579007716,0.9674124734311671
2025-03-10,0.0005407578478557364,0.9679356093182886
2025-03-11,-0.0007011531239214831,0.9672569382420603
2025-03-12,-0.001708467126160424,0.9656044115605231
2025-03-13,8.643347419536316e-05,0.9656878721045128
2025-03-14,0.0018727500729470038,0.9674963641374406
2025-03-17,0.00037931582027929964,0.9678633508144207
2025-03-18,-0.004281318561876139,0.9637196194852192
2025-03-19,-5.7525591793576636e-05,0.9636641809437853
2025-03-20,-0.0027197821962190298,0.9610432242613204
2025-03-21,0.003951579047831979,0.9648408625303723
2025-03-24,-0.00022596937742639907,0.9646228380413507
2025-03-25,0.0003493218268240458,0.9649598018533315
2025-03-26,-0.0010948628269789914,0.9639033032367533
2025-03-27,-0.0018222825612857242,0.9621467990564994
2025-03-28,-0.0027257191108930687,0.9595242571388265
2025-03-31,-0.00606505953072068,0.9537046853981089
2025-04-01,-0.0004610014242948012,0.9532650261797837
2025-04-02,0.005139211352469268,0.9581640566242388
2025-04-03,-0.016728517164296363,0.9421353927567884
2025-04-04,-0.00095474968360406,0.9412358892886417
2025-04-07,-0.003444691645590812,0.9379936218842788
2025-04-08,-0.004784437372125259,0.9335058501449205
2025-04-09,0.010146315916858448,0.9429774954107264
2025-04-10,-0.009915422605603548,0.9336274750361555
2025-04-11,-0.002349795623647105,0.9314336412811989
2025-04-14,0.0007372634936788228,0.9321203533016998
2025-04-15,-0.0031213692741323493,0.9292108614711105
2025-04-16,-0.0010590331782187607,0.9282267963392514
2025-04-17,0.004502216205180328,0.9324058740638127
2025-04-21,-0.0038252812646999584,0.9288391593426603
2025-04-22,4.8903423340988156e-05,0.9288845827572854
2025-04-23,0.0032078850359527115,0.9318643377104396
2025-04-24,0.0005667301707322341,0.9323924533456495
2025-04-25,0.0006154408445078422,0.9329662857445492
2025-04-28,0.0009128316860456323,0.9338179269321891
2025-04-29,-0.0007654378633360748,0.9331031473334532
2025-04-30,0.00135674959053005,0.9343691346465202
2025-05-01,0.00016150839656345396,0.9345200431072552
2025-05-02,0.00533609825482664,0.9395067338783805
2025-05-05,-0.002200284698942576,0.9374395515872743
2025-05-06,-0.0014186481560889228,0.9361096546959702
2025-05-07,-0.0005015731718461116,0.9356401272072686
2025-05-08,0.0027182472612045107,0.9381834284205229
2025-05-09,0.0006562541603137494,0.9387991151985613
2025-05-12,0.0040414590889840535,0.9425932334154108
2025-05-13,6.135815996737507e-05,0.9426510692018109
2025-05-14,-0.0026131024465262842,0.940187825386659
2025-05-15,-0.003239398344104168,0.9371421825019546
2025-05-16,-0.0005079579268156895,0.9366661537017994
2025-05-19,-2.2175011084092195e-05,0.9366453831194589
2025-05-20,0.0006452647125214809,0.937249767333332
2025-05-21,-0.002231304743083326,0.9351584774820274
2025-05-22,0.0018519088109537655,0.9368903057061145
2025-05-23,-0.0025364659532469795,0.9345139153437638
2025-05-27,0.0022086919935437707,0.9365779687464388
2025-05-28,0.0009064099718498991,0.9374268923567255
2025-05-29,0.0004616328408342774,0.9378596393961185
2025-05-30,-0.0021249499990075448,0.9358667345563144
2025-06-02,-0.00032736511776300115,0.935560364432546
2025-06-03,0.00325430595515838,0.9386049640979289
2025-06-04,-0.0006790894541588913,0.9379675673651889
2025-06-05,0.0005392996973126643,0.938473412990358
2025-06-06,-0.0007950119925188657,0.9377273153723706
2025-06-09,-0.0011912828740907981,0.9366102168810004
2025-06-10,0.0005227322372598665,0.937099813235111
2025-06-11,-0.00138078682731301,0.9358058781571185
2025-06-12,0.0021803976448524277,0.9378463070898914
2025-06-13,0.00030638995764472346,0.938133653780198
2025-06-16,0.0019539573437509458,0.9399667269224218
2025-06-17,-0.00016666666666666666,0.939810065801268
2025-06-18,0.0,0.939810065801268
2025-06-20,0.0,0.939810065801268
2025-06-23,0.0,0.939810065801268
2025-06-24,0.0,0.939810065801268
2025-06-25,0.0,0.939810065801268
2025-06-26,0.0,0.939810065801268
2025-06-27,-0.000604471770491369,0.9392419771468675
2025-06-30,-0.0026907158668289743,0.9367147438561666
2025-07-01,-0.0015117138910546526,0.9352986991659236
2025-07-02,-0.0012522107770242819,0.9341275080550911
2025-07-03,0.0004574666240071015,0.9345548402125933
2025-07-07,0.0009301004311920002,0.9354240700724474
2025-07-08,-0.0018324161311023815,0.9337099839170252
2025-07-09,-0.004118479063650267,0.9298645188967417
2025-07-10,-0.0009188559560324522,0.9290101073452501
2025-07-11,-0.00032546525258499463,0.928707746836009
2025-07-14,-0.00105495398780849,0.9277280028949757
2025-07-15,0.0010153339788462603,0.9286699566594422
2025-07-16,-0.005165534485281478,0.923872879972873
2025-07-17,-0.011451208765736654,0.9132934187513013
2025-07-18,0.0025831837071759625,0.9156526234304907
2025-07-21,0.0023853313360506926,0.9178367583260965
2025-07-22,-0.006836115680545605,0.9115623200703222
2025-07-23,-0.003998009848432561,0.907917884937221
2025-07-24,-0.00010510108940735806,0.9078224617784217
2025-07-25,-0.00020248626859045225,0.9076386401955937
2025-07-28,-0.0022963224369610953,0.9055544092214597
2025-07-29,0.003114387929210316,0.9083746569427822
2025-07-30,-0.0037986968816867174,0.9049240169660504
2025-07-31,0.004608744426188887,0.9090945804853672
2025-08-01,-0.0013361321292430313,0.90787991000786
2025-08-04,-0.001318094708700995,0.9066832383023427
2025-08-05,-0.0019297455474340463,0.9049335703602956
2025-08-06,0.0037849913853236143,0.9083587361283996
2025-08-07,0.0018844879455139126,0.9100705272168359
2025-08-08,-0.00120264351604371,0.9089760367981361
2025-08-11,0.004463897016400614,0.9130336122167789
2025-08-12,-0.0038769135130912666,0.9094938598676692
2025-08-13,0.00041247618301217963,0.9098690044234604
2025-08-14,-0.012073614497194069,0.8988835968211059
2025-08-15,0.006772174253089459,0.9049709931720222
2025-08-18,-0.004838902928682374,0.9005919263827895
2025-08-19,-0.0024506506312681376,0.8983848902098845
2025-08-20,0.00038046801385809535,0.8987266969247428
2025-08-21,0.0015372338339487727,0.9001082500107286
2025-08-22,-0.007071233536608269,0.8937433743666748
2025-08-25,-0.0014162535007009056,0.8924776071839997
2025-08-26,0.002737079684269178,0.8949203895112882
2025-08-27,6.924308268151825e-05,0.8949823565578123
2025-08-28,-0.0023698808696458323,0.8928613549923354
2025-08-29,0.004648227522518384,0.8970115777164038
2025-09-02,-0.00035234315701090734,0.8966955218252358
2025-09-03,7.473116278709374e-05,0.8967625329242478
2025-09-04,-0.0021045138309316374,0.8948752837706474
2025-09-05,-0.00480044904541552,0.8905794805689047
2025-09-08,0.0043088386726955205,0.894416843875889
2025-09-09,0.002262320650155289,0.8964403015716362
2025-09-10,-0.0051695982348348955,0.8918060653709967
2025-09-11,-0.004548781500754343,0.8877494344385766
2025-09-12,-0.0026640921013394918,0.8853843881823202
2025-09-15,-0.0012996489734527176,0.8842336992711081
2025-09-16,-0.0020463481822036353,0.8824242492479615
2025-09-17,-0.0033829108544737876,0.8794390866769296
2025-09-18,-0.008056367675710769,0.872354002046269
2025-09-19,-0.0002554653750228133,0.8721311458039835
2025-09-22,-0.0011745744663792595,0.8711067628287881
2025-09-23,0.002312076095818958,0.8731208279520306
2025-09-24,-0.0007545601593625357,0.8724620057609485
2025-09-25,0.002967464830886372,0.8750510060793286
2025-09-26,-0.0030622850210622536,0.8723713504907464
2025-09-29,-0.0009257537626393321,0.8715637494306109
2025-09-30,-0.0036880441240193,0.8683493838658151
2025-10-01,-0.004517876220462278,0.8644262888333946
2025-10-02,-0.0027207678451970974,0.8620743855821935
2025-10-03,-0.0009537545770340151,0.8612521781912007
2025-10-06,0.00035130785891864604,0.86155474284991
2025-10-07,0.005715579615529892,0.8664790275758061
2025-10-08,-0.007000857367882904,0.860412931491486
2025-10-09,-0.00044260959221875977,0.8600321044747388
2025-10-10,0.0012554797952136355,0.8611118574051418
2025-10-13,-0.007428385157363087,0.8547151868647641
2025-10-14,-0.007493235480010379,0.8483106047012454
2025-10-15,-0.0033545813679556383,0.8454648777524755
2025-10-16,-0.000411472408279476,0.845116992283111
2025-10-17,0.00728365085702818,0.8512725293882429
2025-10-20,-0.0011642240361373862,0.8502814574482257
2025-10-21,0.009936696985266974,0.85873044664308
2025-10-22,0.004899935740353176,0.8629381706499158
2025-10-23,-0.0008871561275129565,0.8621726097641589
2025-10-24,-5.610590591436683e-05,0.8621242367888335
2025-10-27,-0.0004072591828809859,0.861773128776617
2025-10-28,-0.0014702096629540154,0.8605061415954156
2025-10-29,-0.022074080948845488,0.8415112593688597
2025-10-30,-0.0012207328996017906,0.8404839988891628
2025-10-31,0.0028561661194956172,0.8428845608107682
2025-11-03,0.0024794654389858864,0.8449744639483534
2025-11-04,0.010928465360034258,0.8542087381077266
2025-11-05,-0.00655445079636015,0.8486098689639785
2025-11-06,0.001858670796001862,0.8501871553446207
2025-11-07,-0.002104731986970101,0.8483977392438558
2025-11-10,-0.0005641880851033327,0.8479190833479459
2025-11-11,0.0013688362777637651,0.8490797457498407
2025-11-12,-0.0016073631233237135,0.8477149662777612
2025-11-13,0.007294679917629321,0.8538987756181413
2025-11-14,0.0011097219420158984,0.8548463658257054
2025-11-17,0.003918971371277142,0.8581964842602166
2025-11-18,0.0009278756782024668,0.8589927839050805
2025-11-19,-0.0034948741101672944,0.8559907122637901
2025-11-20,0.0018431792081490437,0.8575684565470034
2025-11-21,-0.0032981876157584192,0.854740034883955
2025-11-24,-0.003397217947512123,0.8518362966969901
2025-11-25,0.0005629504412826722,0.8523158383161163
2025-11-26,-0.008572521027677483,0.8450093428699289
2025-11-28,-0.002027841867298192,0.8432957975461991
2025-12-01,0.006275588805129053,0.8485879752126925
2025-12-02,-0.002524987772062491,0.8464453009517612
2025-12-03,-0.0009694131665794874,0.8456247457322292
2025-12-04,-0.0025887932451912616,0.8434355981025111
2025-12-05,-0.002660094702450251,0.8411919795361407
2025-12-08,5.14033191479084e-05,0.8412352195959294
2025-12-09,-0.0006859284206956147,0.8406581924503185
2025-12-10,-0.001216147948276317,0.8396358277143684
2025-12-11,-0.0018918558961732723,0.8380473577230687
2025-12-12,0.011869570856844132,0.8479946202169537
2025-12-15,0.003709488763214426,0.8511402467319149
2025-12-16,-0.0003361803699090846,0.850854110088924
2025-12-17,0.008898933437550513,0.8584258041796715
2025-12-18,-0.00016666666666666666,0.8582827332123083
2025-12-19,0.0,0.8582827332123083
2025-12-22,0.0,0.8582827332123083
2025-12-23,0.0,0.8582827332123083
2025-12-24,0.0,0.8582827332123083
2025-12-26,0.0,0.8582827332123083
2025-12-29,0.0,0.8582827332123083
2025-12-30,0.0,0.8582827332123083
2025-12-31,0.0,0.8582827332123083
